{
  "__version__": "1.0.0",
  "builder": {},
  "gizmos-infos": {
    "is2D": true,
    "is3DIcon": false,
    "iconSize": 2,
    "gridVisible": true,
    "gridColor": [
      166,
      166,
      166,
      255
    ],
    "transformToolName": "position",
    "pivot": "pivot",
    "coordinate": "local",
    "toolsVisibility3d": true
  },
  "": {
    "sculpt_brush_rotate": 0
  },
  "snap-configs": {
    "position": {
      "x": 1,
      "y": 1,
      "z": 1
    },
    "rotation": 1,
    "scale": 1,
    "isPositionSnapEnabled": false,
    "isRotationSnapEnabled": false,
    "isScaleSnapEnabled": false
  },
  "rect-snap-configs": {
    "enableSnapping": true,
    "snapThreshold": 4
  },
  "camera-infos": {
    "73df1907-a5f9-4702-a13b-89f429b655ea": {
      "position": {
        "x": 1382.5530301090464,
        "y": 1019.2352410792091,
        "z": 1059.2572797680136
      },
      "rotation": {
        "x": -0.2297257118963076,
        "y": 0.14981357786100366,
        "z": 0.035814146412373606,
        "w": 0.9609887283269657
      },
      "viewCenter": {
        "x": 976.7215732737209,
        "y": 343.1692330873508,
        "z": -210.72722868558708
      },
      "contentRect": {
        "x": 0,
        "y": 0,
        "width": 1081,
        "height": 607
      },
      "scale": 1
    },
    "1f039c30-56cb-4e43-9406-1f133eda9939": {
      "position": {
        "x": 540,
        "y": 960,
        "z": 5000
      },
      "rotation": {
        "x": 0,
        "y": 0,
        "z": 0,
        "w": 1
      },
      "viewCenter": {
        "x": 0,
        "y": 0,
        "z": 0
      },
      "contentRect": {
        "x": 347.34375,
        "y": 617.5,
        "width": 285.18000000000006,
        "height": 285.17999999999995
      },
      "scale": 1
    },
    "f46876e4-e81b-4931-b493-6d367be385e7": {
      "position": {
        "x": 0,
        "y": 0,
        "z": 5000
      },
      "rotation": {
        "x": 0,
        "y": 0,
        "z": 0,
        "w": 1
      },
      "viewCenter": {
        "x": 0,
        "y": 0,
        "z": 0
      },
      "contentRect": {
        "x": 750,
        "y": 500,
        "width": 1485,
        "height": 990
      },
      "scale": 0.99
    },
    "ff389f97-0a22-4854-b64c-bde8a8b57c2c": {
      "position": {
        "x": 454.84375,
        "y": 756.5,
        "z": 5000
      },
      "rotation": {
        "x": 0,
        "y": 0,
        "z": 0,
        "w": 1
      },
      "viewCenter": {
        "x": 0,
        "y": 0,
        "z": 0
      },
      "contentRect": {
        "x": 36.92788461538464,
        "y": 345.5,
        "width": 215,
        "height": 278
      },
      "scale": 1
    },
    "efccb987-848f-4085-945e-01e6ea13ba1a": {
      "position": {
        "x": 0,
        "y": 0,
        "z": 5000
      },
      "rotation": {
        "x": 0,
        "y": 0,
        "z": 0,
        "w": 1
      },
      "viewCenter": {
        "x": 0,
        "y": 0,
        "z": 0
      },
      "contentRect": {
        "x": -353.15,
        "y": -171.5,
        "width": 0,
        "height": 0
      },
      "scale": 1
    },
    "47ec0ca2-f22b-4cd0-8ffb-414a06c8249a": {
      "position": {
        "x": 2150.20209415855,
        "y": 2249.546763872949,
        "z": 5000
      },
      "rotation": {
        "x": 0,
        "y": 0,
        "z": 0,
        "w": 1
      },
      "viewCenter": {
        "x": 0,
        "y": 0,
        "z": 0
      },
      "contentRect": {
        "x": 1822.880856250844,
        "y": 1823.2679424117505,
        "width": 587,
        "height": 587
      },
      "scale": 0.4326980152749373
    },
    "e83c19b3-2845-4e05-838c-510038ddcb25": {
      "position": {
        "x": 0,
        "y": 0,
        "z": 5000
      },
      "rotation": {
        "x": 0,
        "y": 0,
        "z": 0,
        "w": 1
      },
      "viewCenter": {
        "x": 0,
        "y": 0,
        "z": 0
      },
      "contentRect": {
        "x": -388.5,
        "y": -145.25,
        "width": 0,
        "height": 0
      },
      "scale": 1
    },
    "af8271db-f0e1-434a-8c3b-676e1702ec36": {
      "position": {
        "x": 572.6754777337821,
        "y": 631.3561327506859,
        "z": 5000
      },
      "rotation": {
        "x": 0,
        "y": 0,
        "z": 0,
        "w": 1
      },
      "viewCenter": {
        "x": 0,
        "y": 0,
        "z": 0
      },
      "contentRect": {
        "x": -348.92287058863275,
        "y": 152.026160700958,
        "width": 706.3,
        "height": 197.39999999999998
      },
      "scale": 0.4249682095382661
    },
    "6565c09c-ac03-4674-89a1-6cd18246b20d": {
      "position": {
        "x": 0,
        "y": 0,
        "z": 5000
      },
      "rotation": {
        "x": 0,
        "y": 0,
        "z": 0,
        "w": 1
      },
      "viewCenter": {
        "x": 0,
        "y": 0,
        "z": 0
      },
      "contentRect": {
        "x": -391.65,
        "y": -203.7,
        "width": 0,
        "height": 0
      },
      "scale": 1
    },
    "c2397718-191b-45ce-96d8-36b111e263a6": {
      "position": {
        "x": 0,
        "y": 0,
        "z": 5000
      },
      "rotation": {
        "x": 0,
        "y": 0,
        "z": 0,
        "w": 1
      },
      "viewCenter": {
        "x": 0,
        "y": 0,
        "z": 0
      },
      "contentRect": {
        "x": 0,
        "y": 0,
        "width": 0,
        "height": 0
      },
      "scale": 1
    },
    "b3840bcd-2d05-42e2-95b8-082f328a8c16": {
      "position": {
        "x": 540.5,
        "y": 303.5,
        "z": 5000
      },
      "rotation": {
        "x": 0,
        "y": 0,
        "z": 0,
        "w": 1
      },
      "viewCenter": {
        "x": 0,
        "y": 0,
        "z": 0
      },
      "contentRect": {
        "x": -5.684341886080802e-14,
        "y": 0,
        "width": 1081,
        "height": 607
      },
      "scale": 1
    },
    "9a045133-533a-473c-a66f-142883a02c30": {
      "position": {
        "x": 759.4657045268455,
        "y": 1112.9179247852383,
        "z": 5000
      },
      "rotation": {
        "x": 0,
        "y": 0,
        "z": 0,
        "w": 1
      },
      "viewCenter": {
        "x": 0,
        "y": 0,
        "z": 0
      },
      "contentRect": {
        "x": 284.18619738808394,
        "y": 279.0442984878904,
        "width": 290.0556313993174,
        "height": 508.9
      },
      "scale": 0.305142160605121
    },
    "06686b3c-a064-43ae-bfc2-c838ceede055": {
      "position": {
        "x": 21.940028600664398,
        "y": 21.940028600664395,
        "z": 21.94002860066439
      },
      "rotation": {
        "x": -0.27984814233312133,
        "y": 0.3647051996310009,
        "z": 0.11591689595929512,
        "w": 0.8804762392171493
      },
      "viewCenter": {
        "x": 0,
        "y": 0,
        "z": 0
      },
      "contentRect": {
        "x": 0.21336452066234304,
        "y": -0.3309752076616169,
        "width": 0,
        "height": 0
      },
      "scale": 0.9979227189990506
    },
    "67765df4-1fdb-4199-99a8-05ef565228d3": {
      "position": {
        "x": 21.257449933071676,
        "y": 21.25744993307167,
        "z": 21.257449933071666
      },
      "rotation": {
        "x": -0.27984814233312133,
        "y": 0.3647051996310009,
        "z": 0.11591689595929512,
        "w": 0.8804762392171493
      },
      "viewCenter": {
        "x": 0,
        "y": 0,
        "z": 0
      },
      "contentRect": {
        "x": 0,
        "y": 0,
        "width": 0,
        "height": 0
      },
      "scale": 1
    },
    "b111cfde-40be-4c8b-94d7-d2a27b85238b": {
      "position": {
        "x": 347.6032988700779,
        "y": 1087.513705976793,
        "z": 5000
      },
      "rotation": {
        "x": 0,
        "y": 0,
        "z": 0,
        "w": 1
      },
      "viewCenter": {
        "x": 0,
        "y": 0,
        "z": 0
      },
      "contentRect": {
        "x": 347.6032988700779,
        "y": 1087.5137059767928,
        "width": 0,